,Images,Labels
0,data/train/p5g5m.png,p5g5m
1,data/train/e72cd.png,e72cd
2,data/train/pgmn2.png,pgmn2
3,data/train/6cm6m.png,6cm6m
4,data/train/68wfd.png,68wfd
5,data/train/byc82.png,byc82
6,data/train/gcx6f.png,gcx6f
7,data/train/d8dce.png,d8dce
8,data/train/gd4mf.png,gd4mf
9,data/train/fy2nd.png,fy2nd
10,data/train/37ep6.png,37ep6
11,data/train/4nnf3.png,4nnf3
12,data/train/ygenn.png,ygenn
13,data/train/x37bf.png,x37bf
14,data/train/mx8bb.png,mx8bb
15,data/train/ncfgb.png,ncfgb
16,data/train/ewnx8.png,ewnx8
17,data/train/2nx38.png,2nx38
18,data/train/wmpmp.png,wmpmp
19,data/train/pyf65.png,pyf65
20,data/train/nxxf8.png,nxxf8
21,data/train/ny5dp.png,ny5dp
22,data/train/dgcm4.jpg,dgcm4
23,data/train/cfp86.png,cfp86
24,data/train/2xc2n.png,2xc2n
25,data/train/378e5.png,378e5
26,data/train/d22y5.png,d22y5
27,data/train/w4nfx.png,w4nfx
28,data/train/7mgmf.png,7mgmf
29,data/train/25p2m.png,25p2m
30,data/train/nbwnn.png,nbwnn
31,data/train/egxmp.png,egxmp
32,data/train/56ncx.png,56ncx
33,data/train/gnbn4.png,gnbn4
34,data/train/gw468.png,gw468
35,data/train/n7meb.png,n7meb
36,data/train/36w25.png,36w25
37,data/train/nnf8b.png,nnf8b
38,data/train/cewnm.png,cewnm
39,data/train/g2fnw.png,g2fnw
40,data/train/excmn.png,excmn
41,data/train/7nnnx.png,7nnnx
42,data/train/55y2m.png,55y2m
43,data/train/5ywwf.png,5ywwf
44,data/train/w75w8.png,w75w8
45,data/train/cwgyx.png,cwgyx
46,data/train/wxy4n.png,wxy4n
47,data/train/8gmnx.png,8gmnx
48,data/train/cc845.png,cc845
49,data/train/22d5n.png,22d5n
50,data/train/ny3dw.png,ny3dw
51,data/train/wye85.png,wye85
52,data/train/6825y.png,6825y
53,data/train/43gey.png,43gey
54,data/train/xxney.png,xxney
55,data/train/8db67.png,8db67
56,data/train/ffpxf.png,ffpxf
57,data/train/2mg87.png,2mg87
58,data/train/428b6.png,428b6
59,data/train/84w7x.png,84w7x
60,data/train/npxb7.png,npxb7
61,data/train/832f3.png,832f3
62,data/train/pnmxf.png,pnmxf
63,data/train/c2yn8.png,c2yn8
64,data/train/g3ex3.png,g3ex3
65,data/train/dc436.png,dc436
66,data/train/deneb.png,deneb
67,data/train/4cfw8.png,4cfw8
68,data/train/7p852.png,7p852
69,data/train/gm2c2.png,gm2c2
70,data/train/yd3m3.png,yd3m3
71,data/train/cndmc.jpg,cndmc
72,data/train/gymmn.png,gymmn
73,data/train/gc2wd.png,gc2wd
74,data/train/478nx.png,478nx
75,data/train/bxxfc.png,bxxfc
76,data/train/5bg8f.png,5bg8f
77,data/train/wnpec.png,wnpec
78,data/train/37d52.png,37d52
79,data/train/een23.png,een23
80,data/train/ddxpp.jpg,ddxpp
81,data/train/43xfe.png,43xfe
82,data/train/e6b7y.png,e6b7y
83,data/train/pg2yx.png,pg2yx
84,data/train/ccf2w.png,ccf2w
85,data/train/p4nm4.png,p4nm4
86,data/train/8e32m.png,8e32m
87,data/train/4n2yg.png,4n2yg
88,data/train/gnf85.png,gnf85
89,data/train/m2nf4.png,m2nf4
90,data/train/c7nn8.png,c7nn8
91,data/train/6fg8c.png,6fg8c
92,data/train/mcc2x.png,mcc2x
93,data/train/b35f6.png,b35f6
94,data/train/g7fmc.png,g7fmc
95,data/train/ndecc.png,ndecc
96,data/train/2pfpn.png,2pfpn
97,data/train/3p67n.png,3p67n
98,data/train/gcfgp.png,gcfgp
99,data/train/5np4m.png,5np4m
100,data/train/dd764.png,dd764
101,data/train/ng756.png,ng756
102,data/train/6bnnm.png,6bnnm
103,data/train/7g3nf.png,7g3nf
104,data/train/eng53.png,eng53
105,data/train/2nbcx.png,2nbcx
106,data/train/57wdp.png,57wdp
107,data/train/b685n.png,b685n
108,data/train/byfgn.png,byfgn
109,data/train/gxxpf.png,gxxpf
110,data/train/ewcf5.png,ewcf5
111,data/train/57gnx.png,57gnx
112,data/train/368y5.png,368y5
113,data/train/pwn5e.png,pwn5e
114,data/train/2p2y8.png,2p2y8
115,data/train/6mygb.png,6mygb
116,data/train/mmg38.png,mmg38
117,data/train/e3cfe.jpg,e3cfe
118,data/train/f83pn.png,f83pn
119,data/train/px2xp.png,px2xp
120,data/train/8g4yp.png,8g4yp
121,data/train/cm6yb.png,cm6yb
122,data/train/p2x7x.png,p2x7x
123,data/train/nm46n.png,nm46n
124,data/train/3xcgg.png,3xcgg
125,data/train/pxne8.png,pxne8
126,data/train/7fde7.png,7fde7
127,data/train/dmxp8.png,dmxp8
128,data/train/64b3p.png,64b3p
129,data/train/6f857.png,6f857
130,data/train/n7dyb.png,n7dyb
131,data/train/n5w5g.png,n5w5g
132,data/train/5g5e5.png,5g5e5
133,data/train/7cdge.png,7cdge
134,data/train/6f2yc.png,6f2yc
135,data/train/488de.png,488de
136,data/train/823p2.png,823p2
137,data/train/edwny.png,edwny
138,data/train/56c34.png,56c34
139,data/train/w4cnn.png,w4cnn
140,data/train/5n728.png,5n728
141,data/train/feyc8.png,feyc8
142,data/train/p57fn.png,p57fn
143,data/train/yfdn7.png,yfdn7
144,data/train/8n5p3.png,8n5p3
145,data/train/4ycex.png,4ycex
146,data/train/ppwyd.png,ppwyd
147,data/train/6n6gg.png,6n6gg
148,data/train/556wd.png,556wd
149,data/train/wm47f.png,wm47f
150,data/train/7dxbd.png,7dxbd
151,data/train/nfcb5.png,nfcb5
152,data/train/b4ndb.jpg,b4ndb
153,data/train/f7cey.png,f7cey
154,data/train/gxx2p.png,gxx2p
155,data/train/gmmne.jpg,gmmne
156,data/train/yge7c.jpg,yge7c
157,data/train/befbd.png,befbd
158,data/train/b5dn4.png,b5dn4
159,data/train/n5x2n.png,n5x2n
160,data/train/g2577.png,g2577
161,data/train/de7f8.png,de7f8
162,data/train/fcey3.png,fcey3
163,data/train/3n3cf.png,3n3cf
164,data/train/gpxng.png,gpxng
165,data/train/cpe63.png,cpe63
166,data/train/2en7g.png,2en7g
167,data/train/bf52c.png,bf52c
168,data/train/wf684.png,wf684
169,data/train/fcne6.png,fcne6
170,data/train/e76n4.png,e76n4
171,data/train/44c22.png,44c22
172,data/train/8ypdn.png,8ypdn
173,data/train/5xd2e.png,5xd2e
174,data/train/bm3p8.png,bm3p8
175,data/train/8b735.png,8b735
176,data/train/bc8nf.png,bc8nf
177,data/train/7f8b3.png,7f8b3
178,data/train/yyn57.png,yyn57
179,data/train/3ndxd.png,3ndxd
180,data/train/xcf88.png,xcf88
181,data/train/eppg3.png,eppg3
182,data/train/xyyyw.png,xyyyw
183,data/train/gdng3.png,gdng3
184,data/train/nf2n8.png,nf2n8
185,data/train/nfbg8.png,nfbg8
186,data/train/xyncc.png,xyncc
187,data/train/pe4xn.png,pe4xn
188,data/train/ddcdd.png,ddcdd
189,data/train/x74b2.png,x74b2
190,data/train/5mf7c.png,5mf7c
191,data/train/dfnx4.png,dfnx4
192,data/train/6c3p5.png,6c3p5
193,data/train/g8gnd.png,g8gnd
194,data/train/2cgyx.png,2cgyx
195,data/train/33b22.png,33b22
196,data/train/g55b4.png,g55b4
197,data/train/ccn2x.png,ccn2x
198,data/train/d3ycn.png,d3ycn
199,data/train/4exnn.png,4exnn
200,data/train/mmfm6.png,mmfm6
201,data/train/6e554.png,6e554
202,data/train/3dgmf.png,3dgmf
203,data/train/nny5e.png,nny5e
204,data/train/e8dxn.png,e8dxn
205,data/train/33ng4.png,33ng4
206,data/train/2mpnn.png,2mpnn
207,data/train/32dnn.png,32dnn
208,data/train/pyefb.png,pyefb
209,data/train/y4g3b.png,y4g3b
210,data/train/537nf.png,537nf
211,data/train/2356g.png,2356g
212,data/train/8n2pg.png,8n2pg
213,data/train/cnex4.png,cnex4
214,data/train/nfd8g.png,nfd8g
215,data/train/yw8y5.jpg,yw8y5
216,data/train/mw5p2.png,mw5p2
217,data/train/2n73f.png,2n73f
218,data/train/7m8px.png,7m8px
219,data/train/d66cn.png,d66cn
220,data/train/c7gb3.png,c7gb3
221,data/train/6p2ge.png,6p2ge
222,data/train/6g45w.png,6g45w
223,data/train/gwn53.png,gwn53
224,data/train/n265y.png,n265y
225,data/train/5mcy7.png,5mcy7
226,data/train/m8m4x.png,m8m4x
227,data/train/e25xg.png,e25xg
228,data/train/e46yw.png,e46yw
229,data/train/wb3ed.png,wb3ed
230,data/train/6bxwg.png,6bxwg
231,data/train/7gp47.png,7gp47
232,data/train/x7422.png,x7422
233,data/train/pgwnp.png,pgwnp
234,data/train/8bbm4.png,8bbm4
235,data/train/7yf62.png,7yf62
236,data/train/bd3b7.png,bd3b7
237,data/train/nf7bn.png,nf7bn
238,data/train/yxd7m.png,yxd7m
239,data/train/m4g8g.png,m4g8g
240,data/train/8gf7n.png,8gf7n
241,data/train/dbny3.png,dbny3
242,data/train/65m85.png,65m85
243,data/train/w7e6m.png,w7e6m
244,data/train/6ydyp.png,6ydyp
245,data/train/gy433.png,gy433
246,data/train/3nfdn.png,3nfdn
247,data/train/cd4eg.png,cd4eg
248,data/train/373gb.png,373gb
249,data/train/244e2.png,244e2
250,data/train/d2ycw.png,d2ycw
251,data/train/y7d75.png,y7d75
252,data/train/fyfbn.png,fyfbn
253,data/train/ddmyg.png,ddmyg
254,data/train/4nc37.png,4nc37
255,data/train/xcmbp.png,xcmbp
256,data/train/c43b4.png,c43b4
257,data/train/xdcn4.png,xdcn4
258,data/train/e8e5e.png,e8e5e
259,data/train/6ecbn.png,6ecbn
260,data/train/7dwx4.png,7dwx4
261,data/train/5mfff.png,5mfff
262,data/train/dw6mn.png,dw6mn
263,data/train/n3bm6.png,n3bm6
264,data/train/c4bny.png,c4bny
265,data/train/n2c85.jpg,n2c85
266,data/train/ndg2b.png,ndg2b
267,data/train/pbpgc.png,pbpgc
268,data/train/76n7p.png,76n7p
269,data/train/mmc5n.png,mmc5n
270,data/train/n5cm7.png,n5cm7
271,data/train/nbmx7.png,nbmx7
272,data/train/f22bn.png,f22bn
273,data/train/mbp2y.png,mbp2y
274,data/train/42dw4.png,42dw4
275,data/train/w46ep.png,w46ep
276,data/train/fp5wn.png,fp5wn
277,data/train/c3n8x.png,c3n8x
278,data/train/n6f4b.png,n6f4b
279,data/train/m8gmx.png,m8gmx
280,data/train/n7ebx.png,n7ebx
281,data/train/fpw76.png,fpw76
282,data/train/3x5fm.png,3x5fm
283,data/train/w4x2m.png,w4x2m
284,data/train/4m2w5.png,4m2w5
285,data/train/65ebm.png,65ebm
286,data/train/6pwcn.png,6pwcn
287,data/train/e6m6p.png,e6m6p
288,data/train/d75b5.png,d75b5
289,data/train/x8xnp.png,x8xnp
290,data/train/3nnpw.png,3nnpw
291,data/train/c3572.png,c3572
292,data/train/d2n8x.jpg,d2n8x
293,data/train/nfg23.png,nfg23
294,data/train/6n5fd.png,6n5fd
295,data/train/2bg48.png,2bg48
296,data/train/5bgp2.png,5bgp2
297,data/train/ewyg7.jpg,ewyg7
298,data/train/7dyww.png,7dyww
299,data/train/24f6w.png,24f6w
300,data/train/43mn5.png,43mn5
301,data/train/n8pfe.png,n8pfe
302,data/train/dnmd8.png,dnmd8
303,data/train/m5meg.png,m5meg
304,data/train/6ng6n.png,6ng6n
305,data/train/x277e.png,x277e
306,data/train/ygce8.jpg,ygce8
307,data/train/8bbw8.png,8bbw8
308,data/train/7pcd7.png,7pcd7
309,data/train/x347n.png,x347n
310,data/train/gecmf.png,gecmf
311,data/train/4c8n8.png,4c8n8
312,data/train/bp2d4.png,bp2d4
313,data/train/38n57.png,38n57
314,data/train/8cccc.png,8cccc
315,data/train/47m2b.png,47m2b
316,data/train/72m6f.png,72m6f
317,data/train/664dn.png,664dn
318,data/train/n7ff2.png,n7ff2
319,data/train/pgg3n.png,pgg3n
320,data/train/mb4en.png,mb4en
321,data/train/bmxpe.png,bmxpe
322,data/train/ddpyb.png,ddpyb
323,data/train/43p5d.png,43p5d
324,data/train/x775w.png,x775w
325,data/train/d7nn3.png,d7nn3
326,data/train/bx5ed.jpg,bx5ed
327,data/train/wxcn8.png,wxcn8
328,data/train/ncww7.png,ncww7
329,data/train/x7746.png,x7746
330,data/train/3b4we.png,3b4we
331,data/train/ncw4g.png,ncw4g
332,data/train/dce8y.png,dce8y
333,data/train/3n2b4.png,3n2b4
334,data/train/8n56m.png,8n56m
335,data/train/53wp3.png,53wp3
336,data/train/6fgdw.png,6fgdw
337,data/train/fncnb.png,fncnb
338,data/train/y3c58.png,y3c58
339,data/train/nybcx.png,nybcx
340,data/train/x5nyn.png,x5nyn
341,data/train/ng46m.png,ng46m
342,data/train/nwg2m.png,nwg2m
343,data/train/7634y.png,7634y
344,data/train/p6mn8.png,p6mn8
345,data/train/c8n8c.png,c8n8c
346,data/train/p2dw7.png,p2dw7
347,data/train/f8f8g.png,f8f8g
348,data/train/gbxyy.png,gbxyy
349,data/train/33f7m.png,33f7m
350,data/train/efb3f.png,efb3f
351,data/train/658xe.png,658xe
352,data/train/b4d7c.png,b4d7c
353,data/train/mpmy5.png,mpmy5
354,data/train/62fgn.jpg,62fgn
355,data/train/gnbde.png,gnbde
356,data/train/d3c8y.png,d3c8y
357,data/train/ydd3g.png,ydd3g
358,data/train/7b4bm.png,7b4bm
359,data/train/3ebpw.png,3ebpw
360,data/train/fp3wy.png,fp3wy
361,data/train/cd6p4.png,cd6p4
362,data/train/wyc25.png,wyc25
363,data/train/55w5c.png,55w5c
364,data/train/4egem.png,4egem
365,data/train/fdpgd.png,fdpgd
366,data/train/xwx7d.png,xwx7d
367,data/train/n4wwn.png,n4wwn
368,data/train/gf2g4.png,gf2g4
369,data/train/25m6p.png,25m6p
370,data/train/5f3gf.png,5f3gf
371,data/train/f85y3.png,f85y3
372,data/train/ngn26.png,ngn26
373,data/train/5x5nx.png,5x5nx
374,data/train/cfc2y.png,cfc2y
375,data/train/pcmcc.jpg,pcmcc
376,data/train/6end3.png,6end3
377,data/train/5mnpd.png,5mnpd
378,data/train/8np22.png,8np22
379,data/train/e2mg2.png,e2mg2
380,data/train/33n73.png,33n73
381,data/train/8npe3.png,8npe3
382,data/train/pwebm.png,pwebm
383,data/train/bcwnn.png,bcwnn
384,data/train/y53c2.png,y53c2
385,data/train/ee8fg.png,ee8fg
386,data/train/p5nce.png,p5nce
387,data/train/8c2wy.png,8c2wy
388,data/train/w8bnx.png,w8bnx
389,data/train/85dxn.png,85dxn
390,data/train/3d7bd.png,3d7bd
391,data/train/b4y5x.png,b4y5x
392,data/train/24pew.png,24pew
393,data/train/cdf77.png,cdf77
394,data/train/ddcne.png,ddcne
395,data/train/dnxdp.png,dnxdp
396,data/train/nw5b2.png,nw5b2
397,data/train/4743p.png,4743p
398,data/train/3fbxd.png,3fbxd
399,data/train/by5y3.png,by5y3
400,data/train/cfn53.png,cfn53
401,data/train/m75bf.png,m75bf
402,data/train/b43nw.png,b43nw
403,data/train/6xen4.png,6xen4
404,data/train/pnnwy.png,pnnwy
405,data/train/f2m8n.png,f2m8n
406,data/train/243mm.png,243mm
407,data/train/b5pnn.png,b5pnn
408,data/train/nxf2c.jpg,nxf2c
409,data/train/574d7.png,574d7
410,data/train/4433m.png,4433m
411,data/train/nxcmn.png,nxcmn
412,data/train/nxc83.png,nxc83
413,data/train/mdyp7.png,mdyp7
414,data/train/6mege.png,6mege
415,data/train/3x325.png,3x325
416,data/train/pdw38.png,pdw38
417,data/train/87d4c.png,87d4c
418,data/train/675p3.png,675p3
419,data/train/5pm6b.png,5pm6b
420,data/train/m5ym2.png,m5ym2
421,data/train/6wb76.png,6wb76
422,data/train/f6ww8.png,f6ww8
423,data/train/y4ec2.png,y4ec2
424,data/train/nmw46.png,nmw46
425,data/train/78eec.png,78eec
426,data/train/5x7x5.png,5x7x5
427,data/train/men4f.png,men4f
428,data/train/b26nd.png,b26nd
429,data/train/82fx2.png,82fx2
430,data/train/m2576.png,m2576
431,data/train/wnmyn.png,wnmyn
432,data/train/5nggg.png,5nggg
433,data/train/f5e5e.png,f5e5e
434,data/train/fcmem.png,fcmem
435,data/train/mfb3x.png,mfb3x
436,data/train/w6ny4.jpg,w6ny4
437,data/train/3g2w6.png,3g2w6
438,data/train/226md.png,226md
439,data/train/ncyx8.png,ncyx8
440,data/train/y2436.png,y2436
441,data/train/7xcyd.png,7xcyd
442,data/train/bgem5.png,bgem5
443,data/train/e2d66.png,e2d66
444,data/train/5wddw.png,5wddw
445,data/train/be6np.png,be6np
446,data/train/gwnm6.png,gwnm6
447,data/train/exycn.png,exycn
448,data/train/6fn84.png,6fn84
449,data/train/4gycb.png,4gycb
450,data/train/8d4wm.png,8d4wm
451,data/train/36nx4.png,36nx4
452,data/train/5bb66.png,5bb66
453,data/train/4b2pw.png,4b2pw
454,data/train/5dxnm.png,5dxnm
455,data/train/mg5nn.png,mg5nn
456,data/train/42nxy.png,42nxy
457,data/train/gm7n8.png,gm7n8
458,data/train/76353.png,76353
459,data/train/23mdg.png,23mdg
460,data/train/fwxdp.png,fwxdp
461,data/train/d3c7y.png,d3c7y
462,data/train/g7gnf.png,g7gnf
463,data/train/fgb36.jpg,fgb36
464,data/train/mbf58.png,mbf58
465,data/train/f35xp.png,f35xp
466,data/train/pym7p.png,pym7p
467,data/train/n6nn2.png,n6nn2
468,data/train/yyg5g.png,yyg5g
469,data/train/xnfx5.png,xnfx5
470,data/train/xc68n.png,xc68n
471,data/train/ygfwe.png,ygfwe
472,data/train/467d5.png,467d5
473,data/train/bw5ym.png,bw5ym
474,data/train/36bc2.png,36bc2
475,data/train/pme86.png,pme86
476,data/train/fp382.png,fp382
477,data/train/3mxdn.png,3mxdn
478,data/train/88bgx.png,88bgx
479,data/train/cnmnn.png,cnmnn
480,data/train/g6n7x.png,g6n7x
481,data/train/5325m.png,5325m
482,data/train/m448b.png,m448b
483,data/train/245y5.png,245y5
484,data/train/d666m.png,d666m
485,data/train/nngxc.png,nngxc
486,data/train/c8fxy.png,c8fxy
487,data/train/mddgb.png,mddgb
488,data/train/y866y.png,y866y
489,data/train/bwmee.png,bwmee
490,data/train/4yc85.png,4yc85
491,data/train/ennmm.png,ennmm
492,data/train/mc8w2.png,mc8w2
493,data/train/8w875.png,8w875
494,data/train/mgdwb.png,mgdwb
495,data/train/fywb8.png,fywb8
496,data/train/pybee.png,pybee
497,data/train/x5f54.png,x5f54
498,data/train/nnp4e.png,nnp4e
499,data/train/84py4.jpg,84py4
500,data/train/defyx.png,defyx
501,data/train/w6yne.png,w6yne
502,data/train/cy3nw.png,cy3nw
503,data/train/7pn5g.png,7pn5g
504,data/train/2cegf.png,2cegf
505,data/train/mye68.png,mye68
506,data/train/x4pnp.png,x4pnp
507,data/train/34fxm.png,34fxm
508,data/train/5n3w4.png,5n3w4
509,data/train/4fp5g.png,4fp5g
510,data/train/bw5nf.png,bw5nf
511,data/train/bnc5f.png,bnc5f
512,data/train/yew6p.png,yew6p
513,data/train/efgx5.png,efgx5
514,data/train/6cwxe.png,6cwxe
515,data/train/ndme7.png,ndme7
516,data/train/mxnw4.png,mxnw4
517,data/train/x8e8n.png,x8e8n
518,data/train/n8wxm.jpg,n8wxm
519,data/train/my84e.png,my84e
520,data/train/mxyxw.png,mxyxw
521,data/train/xmcym.png,xmcym
522,data/train/b3xpn.png,b3xpn
523,data/train/5ep3n.png,5ep3n
524,data/train/5fyem.png,5fyem
525,data/train/p24gn.png,p24gn
526,data/train/ng6yp.png,ng6yp
527,data/train/n336e.png,n336e
528,data/train/7gnge.png,7gnge
529,data/train/53mn8.png,53mn8
530,data/train/e5n66.png,e5n66
531,data/train/pf4nb.png,pf4nb
532,data/train/deep5.png,deep5
533,data/train/cfw6e.png,cfw6e
534,data/train/85622.png,85622
535,data/train/cg5dd.png,cg5dd
536,data/train/56m6y.png,56m6y
537,data/train/ydg8n.png,ydg8n
538,data/train/34b84.png,34b84
539,data/train/6wnyc.png,6wnyc
540,data/train/d236n.png,d236n
541,data/train/wddcp.png,wddcp
542,data/train/e667x.png,e667x
543,data/train/e3ndn.png,e3ndn
544,data/train/p2ym2.png,p2ym2
545,data/train/enn7n.png,enn7n
546,data/train/gc83b.png,gc83b
547,data/train/xxw44.png,xxw44
548,data/train/ep85x.png,ep85x
549,data/train/3bx86.png,3bx86
550,data/train/8y6b3.png,8y6b3
551,data/train/n7g4f.png,n7g4f
552,data/train/ny3nn.png,ny3nn
553,data/train/42xpy.png,42xpy
554,data/train/nd5wg.png,nd5wg
555,data/train/pmd3w.png,pmd3w
556,data/train/xnn4d.png,xnn4d
557,data/train/xce8d.png,xce8d
558,data/train/fnbfw.png,fnbfw
559,data/train/5gcd3.png,5gcd3
560,data/train/8fexn.png,8fexn
561,data/train/677g3.png,677g3
562,data/train/474ff.png,474ff
563,data/train/wd2gb.png,wd2gb
564,data/train/yf28d.png,yf28d
565,data/train/325fb.png,325fb
566,data/train/8n62n.png,8n62n
567,data/train/nwncn.png,nwncn
568,data/train/b2nen.png,b2nen
569,data/train/pwmbn.png,pwmbn
570,data/train/ypp8f.png,ypp8f
571,data/train/fxpw3.png,fxpw3
572,data/train/xp24p.png,xp24p
573,data/train/85pew.jpg,85pew
574,data/train/fc2ff.png,fc2ff
575,data/train/efe62.png,efe62
576,data/train/pmg55.png,pmg55
577,data/train/m23bp.png,m23bp
578,data/train/x3deb.png,x3deb
579,data/train/mwxwp.png,mwxwp
580,data/train/mn5c4.png,mn5c4
581,data/train/neecd.png,neecd
582,data/train/wm746.png,wm746
583,data/train/pm47f.png,pm47f
584,data/train/gp7c5.png,gp7c5
585,data/train/f74x3.png,f74x3
586,data/train/dyxnc.png,dyxnc
587,data/train/b4ncn.png,b4ncn
588,data/train/7e2y7.png,7e2y7
589,data/train/7wn74.png,7wn74
590,data/train/d8xcn.png,d8xcn
591,data/train/4f8yp.png,4f8yp
592,data/train/4w6mw.png,4w6mw
593,data/train/3xng6.png,3xng6
594,data/train/c6f8g.png,c6f8g
595,data/train/c753e.png,c753e
596,data/train/fg8n4.png,fg8n4
597,data/train/ef4np.png,ef4np
598,data/train/ffnxn.png,ffnxn
599,data/train/8nn73.png,8nn73
600,data/train/28348.png,28348
601,data/train/emwpn.png,emwpn
602,data/train/4dw3w.png,4dw3w
603,data/train/cb8cf.png,cb8cf
604,data/train/gegw4.png,gegw4
605,data/train/w2yp7.png,w2yp7
606,data/train/87nym.png,87nym
607,data/train/ymp7g.png,ymp7g
608,data/train/253dc.png,253dc
609,data/train/pg2pm.png,pg2pm
610,data/train/gng6e.png,gng6e
611,data/train/y5n6d.png,y5n6d
612,data/train/mnef5.png,mnef5
613,data/train/6mn8n.png,6mn8n
614,data/train/yeyn4.png,yeyn4
615,data/train/ypw3d.png,ypw3d
616,data/train/dmx8p.png,dmx8p
617,data/train/573bn.png,573bn
618,data/train/b2g8e.png,b2g8e
619,data/train/6ng6w.png,6ng6w
620,data/train/8cm46.png,8cm46
621,data/train/xfg65.png,xfg65
622,data/train/ffd6p.png,ffd6p
623,data/train/728n8.png,728n8
624,data/train/ppx77.png,ppx77
625,data/train/2nf26.png,2nf26
626,data/train/gn2xy.png,gn2xy
627,data/train/f2fge.png,f2fge
628,data/train/25257.png,25257
629,data/train/y2xg4.png,y2xg4
630,data/train/ddnpf.png,ddnpf
631,data/train/pcm7f.png,pcm7f
632,data/train/xnnc3.png,xnnc3
633,data/train/5expp.png,5expp
634,data/train/n4b4m.png,n4b4m
635,data/train/yx2d4.png,yx2d4
636,data/train/dxwcw.png,dxwcw
637,data/train/xw465.png,xw465
638,data/train/m4fd8.png,m4fd8
639,data/train/e7nx4.png,e7nx4
640,data/train/678w3.png,678w3
641,data/train/76nxn.png,76nxn
642,data/train/fbp2c.png,fbp2c
643,data/train/65nmw.jpg,65nmw
644,data/train/md344.png,md344
645,data/train/dmw8n.png,dmw8n
646,data/train/x458w.png,x458w
647,data/train/377xx.png,377xx
648,data/train/dy3cx.png,dy3cx
649,data/train/4gb3f.png,4gb3f
650,data/train/7bb7b.png,7bb7b
651,data/train/nm248.png,nm248
652,data/train/dnne7.png,dnne7
653,data/train/dn2ym.png,dn2ym
654,data/train/662bw.png,662bw
655,data/train/dw8d3.png,dw8d3
656,data/train/xemyg.png,xemyg
657,data/train/c353e.png,c353e
658,data/train/nfcwy.png,nfcwy
659,data/train/3bnyf.png,3bnyf
660,data/train/en32e.png,en32e
661,data/train/y33nm.png,y33nm
662,data/train/wwmn6.png,wwmn6
663,data/train/m3b5p.png,m3b5p
664,data/train/c4mcm.png,c4mcm
665,data/train/wecfd.png,wecfd
666,data/train/n4xx5.png,n4xx5
667,data/train/pcpg6.png,pcpg6
668,data/train/3wnd3.png,3wnd3
669,data/train/n3x4c.png,n3x4c
670,data/train/8n65n.png,8n65n
671,data/train/8wy7d.png,8wy7d
672,data/train/yw7ny.png,yw7ny
673,data/train/865wm.png,865wm
674,data/train/yd38e.png,yd38e
675,data/train/y5g87.png,y5g87
676,data/train/dbpcd.png,dbpcd
677,data/train/e46pd.png,e46pd
678,data/train/63pxe.png,63pxe
679,data/train/8d8ep.png,8d8ep
680,data/train/2npg6.png,2npg6
681,data/train/x2cnn.png,x2cnn
682,data/train/enpw2.png,enpw2
683,data/train/bp6mw.png,bp6mw
684,data/train/5p3mm.png,5p3mm
685,data/train/w2n7e.png,w2n7e
686,data/train/646x8.png,646x8
687,data/train/7gce6.png,7gce6
688,data/train/b5fm7.png,b5fm7
689,data/train/mdxpn.png,mdxpn
690,data/train/445cc.png,445cc
691,data/train/f364x.png,f364x
692,data/train/mc35n.png,mc35n
693,data/train/xf4p4.png,xf4p4
694,data/train/57b27.png,57b27
695,data/train/3cpwb.png,3cpwb
696,data/train/nwfde.png,nwfde
697,data/train/gm6nn.png,gm6nn
698,data/train/yy824.png,yy824
699,data/train/yf347.png,yf347
700,data/train/dw3nn.png,dw3nn
701,data/train/w48cw.png,w48cw
702,data/train/p8wwf.png,p8wwf
703,data/train/2wx73.png,2wx73
704,data/train/2nbc5.jpg,2nbc5
705,data/train/8nbew.png,8nbew
706,data/train/62nb3.png,62nb3
707,data/train/d7en3.png,d7en3
708,data/train/nxn4f.png,nxn4f
709,data/train/x6pdb.png,x6pdb
710,data/train/8n4n8.png,8n4n8
711,data/train/664nf.png,664nf
712,data/train/4w76g.png,4w76g
713,data/train/y2ye8.png,y2ye8
714,data/train/myf82.png,myf82
715,data/train/cdmn8.png,cdmn8
716,data/train/68x48.png,68x48
717,data/train/e43ym.png,e43ym
718,data/train/ywn6f.png,ywn6f
719,data/train/xfn6n.png,xfn6n
720,data/train/xbem6.png,xbem6
721,data/train/n464c.png,n464c
722,data/train/gn2d3.png,gn2d3
723,data/train/mggce.png,mggce
724,data/train/fg7mg.png,fg7mg
725,data/train/wgnwp.png,wgnwp
726,data/train/7cgym.png,7cgym
727,data/train/d22n7.png,d22n7
728,data/train/8gmc4.png,8gmc4
729,data/train/6ge3p.png,6ge3p
730,data/train/g7wxw.png,g7wxw
731,data/train/e7x45.png,e7x45
732,data/train/c2pg6.png,c2pg6
733,data/train/cgcgb.png,cgcgb
734,data/train/bny4w.png,bny4w
735,data/train/2g783.png,2g783
736,data/train/b6f2p.png,b6f2p
737,data/train/nbfx5.png,nbfx5
738,data/train/c2fb7.png,c2fb7
739,data/train/8pfxx.png,8pfxx
740,data/train/fc6xb.png,fc6xb
741,data/train/n373n.png,n373n
742,data/train/dd5w5.png,dd5w5
743,data/train/264m5.png,264m5
744,data/train/6dd2y.png,6dd2y
745,data/train/xngxc.png,xngxc
746,data/train/3bfnd.png,3bfnd
747,data/train/w52fn.png,w52fn
748,data/train/53wb8.png,53wb8
749,data/train/m67b3.png,m67b3
750,data/train/c86md.png,c86md
751,data/train/2x7bm.png,2x7bm
752,data/train/dn26n.png,dn26n
753,data/train/nbf8m.png,nbf8m
754,data/train/bdg84.png,bdg84
755,data/train/75pfw.png,75pfw
756,data/train/yf424.png,yf424
757,data/train/gw53m.png,gw53m
758,data/train/x4gg5.png,x4gg5
759,data/train/66wp5.png,66wp5
760,data/train/cnwyc.png,cnwyc
761,data/train/d378n.png,d378n
762,data/train/2b827.png,2b827
763,data/train/mp7wp.png,mp7wp
764,data/train/pcede.png,pcede
765,data/train/x38fn.png,x38fn
766,data/train/y5w28.png,y5w28
767,data/train/y7x8p.png,y7x8p
768,data/train/wc2bd.png,wc2bd
769,data/train/x6b5m.png,x6b5m
770,data/train/88y52.png,88y52
771,data/train/pdyc8.png,pdyc8
772,data/train/wce5n.png,wce5n
773,data/train/573d8.png,573d8
774,data/train/ec6pm.png,ec6pm
775,data/train/6gnm3.png,6gnm3
776,data/train/x3fwf.png,x3fwf
777,data/train/m3588.png,m3588
778,data/train/nc4yg.png,nc4yg
779,data/train/25egp.png,25egp
780,data/train/3pe4g.png,3pe4g
781,data/train/p4pde.png,p4pde
782,data/train/xgcxy.png,xgcxy
783,data/train/3w2bw.png,3w2bw
784,data/train/b84xc.png,b84xc
785,data/train/cpc8c.png,cpc8c
786,data/train/5n245.png,5n245
787,data/train/6xxdx.png,6xxdx
788,data/train/cffp4.png,cffp4
789,data/train/ny8np.png,ny8np
790,data/train/y4n6m.png,y4n6m
791,data/train/7wyp4.png,7wyp4
792,data/train/3c7de.jpg,3c7de
793,data/train/7gmf3.png,7gmf3
794,data/train/pmf5w.png,pmf5w
795,data/train/cfc56.png,cfc56
796,data/train/dn5df.png,dn5df
797,data/train/g78gn.png,g78gn
798,data/train/3ny45.png,3ny45
799,data/train/2ycn8.png,2ycn8
800,data/train/8n5pn.png,8n5pn
801,data/train/4dgf7.png,4dgf7
802,data/train/gnc3n.png,gnc3n
803,data/train/3den6.png,3den6
804,data/train/33p4e.png,33p4e
805,data/train/7wnpm.png,7wnpm
806,data/train/2cg58.png,2cg58
807,data/train/3nw7w.png,3nw7w
808,data/train/4cn7b.png,4cn7b
809,data/train/8y63f.png,8y63f
810,data/train/8c23f.png,8c23f
811,data/train/nbcgb.png,nbcgb
812,data/train/3bd8f.png,3bd8f
813,data/train/7xd5m.png,7xd5m
814,data/train/pm363.png,pm363
815,data/train/3p4nn.png,3p4nn
816,data/train/64m82.png,64m82
817,data/train/x4f7g.png,x4f7g
818,data/train/3ebnn.png,3ebnn
819,data/train/gc277.png,gc277
820,data/train/dbex3.png,dbex3
821,data/train/6e6pn.png,6e6pn
822,data/train/44xe8.png,44xe8
823,data/train/gny6b.png,gny6b
824,data/train/en4n4.png,en4n4
825,data/train/mgw3n.png,mgw3n
826,data/train/ecd4w.png,ecd4w
827,data/train/8w754.png,8w754
828,data/train/f75cx.png,f75cx
829,data/train/cen55.png,cen55
830,data/train/w8f36.png,w8f36
831,data/train/b5nmm.png,b5nmm
832,data/train/387g2.png,387g2
833,data/train/bnc2f.png,bnc2f
834,data/train/y7mnm.png,y7mnm
835,data/train/neggn.png,neggn
836,data/train/p2m6n.png,p2m6n
837,data/train/74eyg.png,74eyg
838,data/train/d22bd.png,d22bd
839,data/train/bbymy.png,bbymy
840,data/train/58b5m.png,58b5m
841,data/train/nnfx3.png,nnfx3
842,data/train/y5dpp.png,y5dpp
843,data/train/ng2gw.png,ng2gw
844,data/train/47e4p.png,47e4p
845,data/train/bw6n6.png,bw6n6
846,data/train/8gecm.png,8gecm
847,data/train/28x47.png,28x47
848,data/train/be3bp.png,be3bp
849,data/train/34pcn.png,34pcn
850,data/train/nnn57.png,nnn57
851,data/train/f6ne5.png,f6ne5
852,data/train/mm3nn.png,mm3nn
853,data/train/xbcbx.png,xbcbx
854,data/train/b28g8.png,b28g8
855,data/train/6p7gx.png,6p7gx
