,Paths,Labels
0,data/p5g5m.png,p5g5m
1,data/e72cd.png,e72cd
2,data/pgmn2.png,pgmn2
3,data/6cm6m.png,6cm6m
4,data/68wfd.png,68wfd
5,data/byc82.png,byc82
6,data/gcx6f.png,gcx6f
7,data/d8dce.png,d8dce
8,data/gd4mf.png,gd4mf
9,data/fy2nd.png,fy2nd
10,data/37ep6.png,37ep6
11,data/4nnf3.png,4nnf3
12,data/ygenn.png,ygenn
13,data/c4527.png,c4527
14,data/x37bf.png,x37bf
15,data/mx8bb.png,mx8bb
16,data/ncfgb.png,ncfgb
17,data/ewnx8.png,ewnx8
18,data/2nx38.png,2nx38
19,data/wmpmp.png,wmpmp
20,data/pyf65.png,pyf65
21,data/nxxf8.png,nxxf8
22,data/ny5dp.png,ny5dp
23,data/dgcm4.jpg,dgcm4
24,data/cfp86.png,cfp86
25,data/2xc2n.png,2xc2n
26,data/378e5.png,378e5
27,data/d22y5.png,d22y5
28,data/w4nfx.png,w4nfx
29,data/7mgmf.png,7mgmf
30,data/25p2m.png,25p2m
31,data/nbwnn.png,nbwnn
32,data/egxmp.png,egxmp
33,data/56ncx.png,56ncx
34,data/gnbn4.png,gnbn4
35,data/gw468.png,gw468
36,data/n8ydd.png,n8ydd
37,data/n7meb.png,n7meb
38,data/36w25.png,36w25
39,data/nnf8b.png,nnf8b
40,data/cewnm.png,cewnm
41,data/g2fnw.png,g2fnw
42,data/excmn.png,excmn
43,data/c6we6.png,c6we6
44,data/mmg2m.png,mmg2m
45,data/7nnnx.png,7nnnx
46,data/55y2m.png,55y2m
47,data/5ywwf.png,5ywwf
48,data/w75w8.png,w75w8
49,data/5nm6d.png,5nm6d
50,data/cwgyx.png,cwgyx
51,data/wxy4n.png,wxy4n
52,data/8gmnx.png,8gmnx
53,data/7fmcy.png,7fmcy
54,data/cc845.png,cc845
55,data/77387.png,77387
56,data/22d5n.png,22d5n
57,data/ny3dw.png,ny3dw
58,data/wye85.png,wye85
59,data/6825y.png,6825y
60,data/43gey.png,43gey
61,data/fg38b.png,fg38b
62,data/2gyb6.png,2gyb6
63,data/efx34.png,efx34
64,data/6wg4n.png,6wg4n
65,data/xxney.png,xxney
66,data/8db67.png,8db67
67,data/ffpxf.png,ffpxf
68,data/2mg87.png,2mg87
69,data/428b6.png,428b6
70,data/84w7x.png,84w7x
71,data/npxb7.png,npxb7
72,data/3n7mx.png,3n7mx
73,data/832f3.png,832f3
74,data/pnmxf.png,pnmxf
75,data/c2yn8.png,c2yn8
76,data/6bdn5.png,6bdn5
77,data/g3ex3.png,g3ex3
78,data/dc436.png,dc436
79,data/deneb.png,deneb
80,data/4cfw8.png,4cfw8
81,data/7p852.png,7p852
82,data/gm2c2.png,gm2c2
83,data/yd3m3.png,yd3m3
84,data/cndmc.jpg,cndmc
85,data/gymmn.png,gymmn
86,data/gc2wd.png,gc2wd
87,data/x76mn.png,x76mn
88,data/478nx.png,478nx
89,data/bxxfc.png,bxxfc
90,data/5bg8f.png,5bg8f
91,data/wnpec.png,wnpec
92,data/gfxcc.png,gfxcc
93,data/37d52.png,37d52
94,data/een23.png,een23
95,data/ddxpp.jpg,ddxpp
96,data/6m5eg.png,6m5eg
97,data/43xfe.png,43xfe
98,data/e6b7y.png,e6b7y
99,data/nxx25.png,nxx25
100,data/n3m6x.png,n3m6x
101,data/pg2yx.png,pg2yx
102,data/bpwd7.png,bpwd7
103,data/m457d.png,m457d
104,data/ccf2w.png,ccf2w
105,data/p4nm4.png,p4nm4
106,data/mmy5n.png,mmy5n
107,data/8e32m.png,8e32m
108,data/4n2yg.png,4n2yg
109,data/gnf85.png,gnf85
110,data/m2nf4.png,m2nf4
111,data/c7nn8.png,c7nn8
112,data/7d44m.png,7d44m
113,data/f6bpw.jpg,f6bpw
114,data/cwmny.png,cwmny
115,data/6fg8c.png,6fg8c
116,data/mcc2x.png,mcc2x
117,data/pdcp4.png,pdcp4
118,data/xdn65.png,xdn65
119,data/b35f6.png,b35f6
120,data/g7fmc.png,g7fmc
121,data/5yxgp.png,5yxgp
122,data/ndecc.png,ndecc
123,data/2pfpn.png,2pfpn
124,data/3p67n.png,3p67n
125,data/gcfgp.png,gcfgp
126,data/5np4m.png,5np4m
127,data/dd764.png,dd764
128,data/n6xc5.png,n6xc5
129,data/5nnff.png,5nnff
130,data/ng756.png,ng756
131,data/6bnnm.png,6bnnm
132,data/7g3nf.png,7g3nf
133,data/eng53.png,eng53
134,data/2nbcx.png,2nbcx
135,data/2w4y7.png,2w4y7
136,data/57wdp.png,57wdp
137,data/b685n.png,b685n
138,data/byfgn.png,byfgn
139,data/3ym7f.png,3ym7f
140,data/gxxpf.png,gxxpf
141,data/ewcf5.png,ewcf5
142,data/w6pxy.png,w6pxy
143,data/57gnx.png,57gnx
144,data/368y5.png,368y5
145,data/pwn5e.png,pwn5e
146,data/2p2y8.png,2p2y8
147,data/cdfen.png,cdfen
148,data/6mygb.png,6mygb
149,data/d7c5x.png,d7c5x
150,data/x362g.png,x362g
151,data/mmg38.png,mmg38
152,data/e3cfe.jpg,e3cfe
153,data/f83pn.png,f83pn
154,data/mfc35.png,mfc35
155,data/px2xp.png,px2xp
156,data/8g4yp.png,8g4yp
157,data/cm6yb.png,cm6yb
158,data/p2x7x.png,p2x7x
159,data/nm46n.png,nm46n
160,data/3xcgg.png,3xcgg
161,data/pxne8.png,pxne8
162,data/p8c24.png,p8c24
163,data/7fde7.png,7fde7
164,data/dmxp8.png,dmxp8
165,data/64b3p.png,64b3p
166,data/6f857.png,6f857
167,data/n7dyb.png,n7dyb
168,data/3eny7.png,3eny7
169,data/n5n8b.png,n5n8b
170,data/n5w5g.png,n5w5g
171,data/5g5e5.png,5g5e5
172,data/7cdge.png,7cdge
173,data/nmy2x.png,nmy2x
174,data/6f2yc.png,6f2yc
175,data/488de.png,488de
176,data/c4bgd.png,c4bgd
177,data/823p2.png,823p2
178,data/edwny.png,edwny
179,data/4fc36.png,4fc36
180,data/56c34.png,56c34
181,data/w4cnn.png,w4cnn
182,data/5n728.png,5n728
183,data/e4gd7.png,e4gd7
184,data/pg4bf.png,pg4bf
185,data/feyc8.png,feyc8
186,data/p57fn.png,p57fn
187,data/yfdn7.png,yfdn7
188,data/xymfn.png,xymfn
189,data/8n5p3.png,8n5p3
190,data/4ycex.png,4ycex
191,data/ppwyd.png,ppwyd
192,data/6n6gg.png,6n6gg
193,data/556wd.png,556wd
194,data/d4ppy.png,d4ppy
195,data/wm47f.png,wm47f
196,data/7dxbd.png,7dxbd
197,data/nfcb5.png,nfcb5
198,data/wbncw.png,wbncw
199,data/b4ndb.jpg,b4ndb
200,data/f7cey.png,f7cey
201,data/gxx2p.png,gxx2p
202,data/gmmne.jpg,gmmne
203,data/yge7c.jpg,yge7c
204,data/befbd.png,befbd
205,data/n8fp6.png,n8fp6
206,data/b5dn4.png,b5dn4
207,data/edg3p.png,edg3p
208,data/n5x2n.png,n5x2n
209,data/g2577.png,g2577
210,data/de7f8.png,de7f8
211,data/fcey3.png,fcey3
212,data/3n3cf.png,3n3cf
213,data/gpxng.png,gpxng
214,data/cpe63.png,cpe63
215,data/2en7g.png,2en7g
216,data/bf52c.png,bf52c
217,data/wf684.png,wf684
218,data/fcne6.png,fcne6
219,data/e76n4.png,e76n4
220,data/44c22.png,44c22
221,data/8ypdn.png,8ypdn
222,data/5xd2e.png,5xd2e
223,data/gy8xb.png,gy8xb
224,data/bm3p8.png,bm3p8
225,data/8b735.png,8b735
226,data/7dgc2.png,7dgc2
227,data/bc8nf.png,bc8nf
228,data/7f8b3.png,7f8b3
229,data/yyn57.png,yyn57
230,data/3ndxd.png,3ndxd
231,data/xcf88.png,xcf88
232,data/eppg3.png,eppg3
233,data/xyyyw.png,xyyyw
234,data/gdng3.png,gdng3
235,data/nf2n8.png,nf2n8
236,data/nfbg8.png,nfbg8
237,data/pn7pn.png,pn7pn
238,data/xyncc.png,xyncc
239,data/pe4xn.png,pe4xn
240,data/ddcdd.png,ddcdd
241,data/x74b2.png,x74b2
242,data/cx3wg.png,cx3wg
243,data/5mf7c.png,5mf7c
244,data/n5wbg.png,n5wbg
245,data/7w67m.png,7w67m
246,data/dfnx4.png,dfnx4
247,data/6c3p5.png,6c3p5
248,data/g8gnd.png,g8gnd
249,data/2cgyx.png,2cgyx
250,data/33b22.png,33b22
251,data/g55b4.png,g55b4
252,data/ccn2x.png,ccn2x
253,data/4d22m.png,4d22m
254,data/2g7nm.png,2g7nm
255,data/74853.png,74853
256,data/d3ycn.png,d3ycn
257,data/4exnn.png,4exnn
258,data/7bwm2.png,7bwm2
259,data/mmfm6.png,mmfm6
260,data/6e554.png,6e554
261,data/6e2dg.png,6e2dg
262,data/6dmx7.png,6dmx7
263,data/3dgmf.png,3dgmf
264,data/nny5e.png,nny5e
265,data/e8dxn.png,e8dxn
266,data/33ng4.png,33ng4
267,data/2mpnn.png,2mpnn
268,data/32dnn.png,32dnn
269,data/pw5nc.png,pw5nc
270,data/pyefb.png,pyefb
271,data/y4g3b.png,y4g3b
272,data/m6n4x.png,m6n4x
273,data/537nf.png,537nf
274,data/5p8fm.png,5p8fm
275,data/2356g.png,2356g
276,data/8n2pg.png,8n2pg
277,data/8684m.png,8684m
278,data/cnex4.png,cnex4
279,data/nfd8g.png,nfd8g
280,data/y32yy.png,y32yy
281,data/yw8y5.jpg,yw8y5
282,data/mw5p2.png,mw5p2
283,data/2n73f.png,2n73f
284,data/7m8px.png,7m8px
285,data/d66cn.png,d66cn
286,data/c7gb3.png,c7gb3
287,data/6p2ge.png,6p2ge
288,data/6g45w.png,6g45w
289,data/gwn53.png,gwn53
290,data/n265y.png,n265y
291,data/5mcy7.png,5mcy7
292,data/m8m4x.png,m8m4x
293,data/e25xg.png,e25xg
294,data/2enf4.png,2enf4
295,data/e46yw.png,e46yw
296,data/wb3ed.png,wb3ed
297,data/77wp4.png,77wp4
298,data/6bxwg.png,6bxwg
299,data/7gp47.png,7gp47
300,data/x7422.png,x7422
301,data/pgwnp.png,pgwnp
302,data/8bbm4.png,8bbm4
303,data/nb267.png,nb267
304,data/7yf62.png,7yf62
305,data/bd3b7.png,bd3b7
306,data/nf7bn.png,nf7bn
307,data/yxd7m.png,yxd7m
308,data/m4g8g.png,m4g8g
309,data/8gf7n.png,8gf7n
310,data/dbny3.png,dbny3
311,data/f753f.png,f753f
312,data/65m85.png,65m85
313,data/w7e6m.png,w7e6m
314,data/6ydyp.png,6ydyp
315,data/gy433.png,gy433
316,data/3nfdn.png,3nfdn
317,data/cd4eg.png,cd4eg
318,data/373gb.png,373gb
319,data/244e2.png,244e2
320,data/d2ycw.png,d2ycw
321,data/y7d75.png,y7d75
322,data/fyfbn.png,fyfbn
323,data/ddmyg.png,ddmyg
324,data/4nc37.png,4nc37
325,data/xcmbp.png,xcmbp
326,data/c43b4.png,c43b4
327,data/xdcn4.png,xdcn4
328,data/e8e5e.png,e8e5e
329,data/6ecbn.png,6ecbn
330,data/7dwx4.png,7dwx4
331,data/xf5g7.png,xf5g7
332,data/5mfff.png,5mfff
333,data/6xpme.png,6xpme
334,data/n3xfg.jpg,n3xfg
335,data/dw6mn.png,dw6mn
336,data/n3bm6.png,n3bm6
337,data/c4bny.png,c4bny
338,data/268g2.png,268g2
339,data/g3dy6.png,g3dy6
340,data/n2c85.jpg,n2c85
341,data/ndg2b.png,ndg2b
342,data/pbpgc.png,pbpgc
343,data/76n7p.png,76n7p
344,data/mmc5n.png,mmc5n
345,data/gy5bf.png,gy5bf
346,data/n5cm7.png,n5cm7
347,data/nbmx7.png,nbmx7
348,data/n7enn.png,n7enn
349,data/f22bn.png,f22bn
350,data/mbp2y.png,mbp2y
351,data/67dey.png,67dey
352,data/42dw4.png,42dw4
353,data/5npdn.png,5npdn
354,data/w46ep.png,w46ep
355,data/fp5wn.png,fp5wn
356,data/32cnn.png,32cnn
357,data/c3n8x.png,c3n8x
358,data/n6f4b.png,n6f4b
359,data/m8gmx.png,m8gmx
360,data/n7ebx.png,n7ebx
361,data/fpw76.png,fpw76
362,data/3x5fm.png,3x5fm
363,data/w4x2m.png,w4x2m
364,data/4m2w5.png,4m2w5
365,data/pxdwp.png,pxdwp
366,data/65ebm.png,65ebm
367,data/6pwcn.png,6pwcn
368,data/e6m6p.png,e6m6p
369,data/f858x.png,f858x
370,data/d75b5.png,d75b5
371,data/x8xnp.png,x8xnp
372,data/yg5bb.png,yg5bb
373,data/3nnpw.png,3nnpw
374,data/ne325.png,ne325
375,data/c3572.png,c3572
376,data/d2n8x.jpg,d2n8x
377,data/nfg23.png,nfg23
378,data/6n5fd.png,6n5fd
379,data/2bg48.png,2bg48
380,data/5bgp2.png,5bgp2
381,data/ewyg7.jpg,ewyg7
382,data/3ye2e.png,3ye2e
383,data/7dyww.png,7dyww
384,data/24f6w.png,24f6w
385,data/43mn5.png,43mn5
386,data/n8pfe.png,n8pfe
387,data/dnmd8.png,dnmd8
388,data/m5meg.png,m5meg
389,data/bgxcd.jpg,bgxcd
390,data/6ng6n.png,6ng6n
391,data/x277e.png,x277e
392,data/f5cm2.png,f5cm2
393,data/ygce8.jpg,ygce8
394,data/8bbw8.png,8bbw8
395,data/78dw6.jpg,78dw6
396,data/7pcd7.png,7pcd7
397,data/x347n.png,x347n
398,data/gecmf.png,gecmf
399,data/4c8n8.png,4c8n8
400,data/bp2d4.png,bp2d4
401,data/38n57.png,38n57
402,data/nn6mg.png,nn6mg
403,data/8cccc.png,8cccc
404,data/47m2b.png,47m2b
405,data/dyp7n.png,dyp7n
406,data/72m6f.png,72m6f
407,data/664dn.png,664dn
408,data/n7ff2.png,n7ff2
409,data/pgg3n.png,pgg3n
410,data/mb4en.png,mb4en
411,data/bmxpe.png,bmxpe
412,data/ddpyb.png,ddpyb
413,data/c5xne.png,c5xne
414,data/43p5d.png,43p5d
415,data/gewfy.png,gewfy
416,data/46mbm.png,46mbm
417,data/x775w.png,x775w
418,data/d7nn3.png,d7nn3
419,data/f4fn2.png,f4fn2
420,data/6c3n6.png,6c3n6
421,data/bx5ed.jpg,bx5ed
422,data/2fxgd.png,2fxgd
423,data/wxcn8.png,wxcn8
424,data/8xef7.png,8xef7
425,data/ncww7.png,ncww7
426,data/pgm2e.png,pgm2e
427,data/x7746.png,x7746
428,data/3b4we.png,3b4we
429,data/ncw4g.png,ncw4g
430,data/dce8y.png,dce8y
431,data/3n2b4.png,3n2b4
432,data/8n56m.png,8n56m
433,data/53wp3.png,53wp3
434,data/6fgdw.png,6fgdw
435,data/23n88.png,23n88
436,data/fncnb.png,fncnb
437,data/pp87n.png,pp87n
438,data/y3c58.png,y3c58
439,data/nybcx.png,nybcx
440,data/x5nyn.png,x5nyn
441,data/ng46m.png,ng46m
442,data/mwdf6.png,mwdf6
443,data/nn4wx.png,nn4wx
444,data/nwg2m.png,nwg2m
445,data/7634y.png,7634y
446,data/p6mn8.png,p6mn8
447,data/d2nbn.png,d2nbn
448,data/c8n8c.png,c8n8c
449,data/p2dw7.png,p2dw7
450,data/f8f8g.png,f8f8g
451,data/c6745.png,c6745
452,data/gbxyy.png,gbxyy
453,data/3ygde.png,3ygde
454,data/33f7m.png,33f7m
455,data/efb3f.png,efb3f
456,data/658xe.png,658xe
457,data/ycmcw.png,ycmcw
458,data/b4d7c.png,b4d7c
459,data/mpmy5.png,mpmy5
460,data/62fgn.jpg,62fgn
461,data/gnbde.png,gnbde
462,data/d3c8y.png,d3c8y
463,data/ydd3g.png,ydd3g
464,data/7b4bm.png,7b4bm
465,data/3ebpw.png,3ebpw
466,data/y48c3.png,y48c3
467,data/fp3wy.png,fp3wy
468,data/cd6p4.png,cd6p4
469,data/g247w.png,g247w
470,data/wyc25.png,wyc25
471,data/55w5c.png,55w5c
472,data/4egem.png,4egem
473,data/fdpgd.png,fdpgd
474,data/6b46g.png,6b46g
475,data/xwx7d.png,xwx7d
476,data/n4wwn.png,n4wwn
477,data/gf2g4.png,gf2g4
478,data/25m6p.png,25m6p
479,data/5f3gf.png,5f3gf
480,data/f85y3.png,f85y3
481,data/ngn26.png,ngn26
482,data/fp762.png,fp762
483,data/5x5nx.png,5x5nx
484,data/cfc2y.png,cfc2y
485,data/pcmcc.jpg,pcmcc
486,data/6end3.png,6end3
487,data/5mnpd.png,5mnpd
488,data/8np22.png,8np22
489,data/e2mg2.png,e2mg2
490,data/33n73.png,33n73
491,data/8npd5.png,8npd5
492,data/8npe3.png,8npe3
493,data/pwebm.png,pwebm
494,data/f228n.png,f228n
495,data/44ype.png,44ype
496,data/bcwnn.png,bcwnn
497,data/y53c2.png,y53c2
498,data/gp22x.png,gp22x
499,data/ee8fg.png,ee8fg
500,data/p5nce.png,p5nce
501,data/8c2wy.png,8c2wy
502,data/w8bnx.png,w8bnx
503,data/wfy5m.png,wfy5m
504,data/85dxn.png,85dxn
505,data/p7fyp.png,p7fyp
506,data/3d7bd.png,3d7bd
507,data/b4y5x.png,b4y5x
508,data/xe6eb.png,xe6eb
509,data/x7547.png,x7547
510,data/24pew.png,24pew
511,data/cdf77.png,cdf77
512,data/ddcne.png,ddcne
513,data/dnxdp.png,dnxdp
514,data/fw3b2.png,fw3b2
515,data/nw5b2.png,nw5b2
516,data/4743p.png,4743p
517,data/3fbxd.png,3fbxd
518,data/by5y3.png,by5y3
519,data/cfn53.png,cfn53
520,data/nbwpn.png,nbwpn
521,data/m75bf.png,m75bf
522,data/b43nw.png,b43nw
523,data/6xen4.png,6xen4
524,data/pnnwy.png,pnnwy
525,data/f2m8n.png,f2m8n
526,data/243mm.png,243mm
527,data/b5pnn.png,b5pnn
528,data/nxf2c.jpg,nxf2c
529,data/574d7.png,574d7
530,data/4433m.png,4433m
531,data/nxcmn.png,nxcmn
532,data/nxc83.png,nxc83
533,data/mdyp7.png,mdyp7
534,data/6mege.png,6mege
535,data/3x325.png,3x325
536,data/pdw38.png,pdw38
537,data/87d4c.png,87d4c
538,data/675p3.png,675p3
539,data/5pm6b.png,5pm6b
540,data/m5ym2.png,m5ym2
541,data/6wb76.png,6wb76
542,data/f6ww8.png,f6ww8
543,data/y4ec2.png,y4ec2
544,data/nmw46.png,nmw46
545,data/78eec.png,78eec
546,data/5x7x5.png,5x7x5
547,data/8d2nd.png,8d2nd
548,data/men4f.png,men4f
549,data/b26nd.png,b26nd
550,data/82fx2.png,82fx2
551,data/m2576.png,m2576
552,data/wnmyn.png,wnmyn
553,data/5nggg.png,5nggg
554,data/f5e5e.png,f5e5e
555,data/fcmem.png,fcmem
556,data/mfb3x.png,mfb3x
557,data/w6ny4.jpg,w6ny4
558,data/3g2w6.png,3g2w6
559,data/226md.png,226md
560,data/ncyx8.png,ncyx8
561,data/y2436.png,y2436
562,data/7xcyd.png,7xcyd
563,data/bgem5.png,bgem5
564,data/e2d66.png,e2d66
565,data/5wddw.png,5wddw
566,data/be6np.png,be6np
567,data/76y6f.png,76y6f
568,data/gwnm6.png,gwnm6
569,data/exycn.png,exycn
570,data/6fn84.png,6fn84
571,data/4gycb.png,4gycb
572,data/xxbm5.png,xxbm5
573,data/cwdnx.png,cwdnx
574,data/8d4wm.png,8d4wm
575,data/36nx4.png,36nx4
576,data/5bb66.png,5bb66
577,data/4b2pw.png,4b2pw
578,data/5dxnm.png,5dxnm
579,data/mg5nn.png,mg5nn
580,data/42nxy.png,42nxy
581,data/gm7n8.png,gm7n8
582,data/76353.png,76353
583,data/23mdg.png,23mdg
584,data/g842c.png,g842c
585,data/fwxdp.png,fwxdp
586,data/m3wfw.png,m3wfw
587,data/d3c7y.png,d3c7y
588,data/g7gnf.png,g7gnf
589,data/fgb36.jpg,fgb36
590,data/mbf58.png,mbf58
591,data/f35xp.png,f35xp
592,data/pym7p.png,pym7p
593,data/n6nn2.png,n6nn2
594,data/yyg5g.png,yyg5g
595,data/xnfx5.png,xnfx5
596,data/xc68n.png,xc68n
597,data/ygfwe.png,ygfwe
598,data/467d5.png,467d5
599,data/efg72.png,efg72
600,data/bw5ym.png,bw5ym
601,data/b55d6.png,b55d6
602,data/36bc2.png,36bc2
603,data/pme86.png,pme86
604,data/fp382.png,fp382
605,data/3mxdn.png,3mxdn
606,data/88bgx.png,88bgx
607,data/cnmnn.png,cnmnn
608,data/g6n7x.png,g6n7x
609,data/5325m.png,5325m
610,data/m448b.png,m448b
611,data/245y5.png,245y5
612,data/d666m.png,d666m
613,data/nngxc.png,nngxc
614,data/c8fxy.png,c8fxy
615,data/mddgb.png,mddgb
616,data/yw667.png,yw667
617,data/y866y.png,y866y
618,data/63824.png,63824
619,data/bwmee.png,bwmee
620,data/4yc85.png,4yc85
621,data/ennmm.png,ennmm
622,data/mc8w2.png,mc8w2
623,data/8w875.png,8w875
624,data/m22e3.png,m22e3
625,data/mgdwb.png,mgdwb
626,data/gfbx6.png,gfbx6
627,data/fywb8.png,fywb8
628,data/pybee.png,pybee
629,data/x5f54.png,x5f54
630,data/nnp4e.png,nnp4e
631,data/84py4.jpg,84py4
632,data/defyx.png,defyx
633,data/2wc38.png,2wc38
634,data/w6yne.png,w6yne
635,data/cy3nw.png,cy3nw
636,data/7pn5g.png,7pn5g
637,data/ycnfc.png,ycnfc
638,data/w4cdc.png,w4cdc
639,data/2cegf.png,2cegf
640,data/mye68.png,mye68
641,data/x4pnp.png,x4pnp
642,data/c2g4d.png,c2g4d
643,data/34fxm.png,34fxm
644,data/n2gmg.png,n2gmg
645,data/6pfy4.png,6pfy4
646,data/5n3w4.png,5n3w4
647,data/4fp5g.png,4fp5g
648,data/bw5nf.png,bw5nf
649,data/bnc5f.png,bnc5f
650,data/yew6p.png,yew6p
651,data/efgx5.png,efgx5
652,data/6cwxe.png,6cwxe
653,data/ndme7.png,ndme7
654,data/mxnw4.png,mxnw4
655,data/x8e8n.png,x8e8n
656,data/n8wxm.jpg,n8wxm
657,data/my84e.png,my84e
658,data/nn6w6.jpg,nn6w6
659,data/mxyxw.png,mxyxw
660,data/xmcym.png,xmcym
661,data/b3xpn.png,b3xpn
662,data/5ep3n.png,5ep3n
663,data/8eggg.png,8eggg
664,data/8n34n.png,8n34n
665,data/5fyem.png,5fyem
666,data/p24gn.png,p24gn
667,data/ng6yp.png,ng6yp
668,data/n336e.png,n336e
669,data/7gnge.png,7gnge
670,data/53mn8.png,53mn8
671,data/e5n66.png,e5n66
672,data/pf4nb.png,pf4nb
673,data/deep5.png,deep5
674,data/cfw6e.png,cfw6e
675,data/85622.png,85622
676,data/cg5dd.png,cg5dd
677,data/56m6y.png,56m6y
678,data/ydg8n.png,ydg8n
679,data/34b84.png,34b84
680,data/bdbb3.png,bdbb3
681,data/6wnyc.png,6wnyc
682,data/d236n.png,d236n
683,data/wddcp.png,wddcp
684,data/ef4mn.png,ef4mn
685,data/e667x.png,e667x
686,data/e3ndn.png,e3ndn
687,data/p2ym2.png,p2ym2
688,data/w2e87.png,w2e87
689,data/enn7n.png,enn7n
690,data/gc83b.png,gc83b
691,data/xxw44.png,xxw44
692,data/ep85x.png,ep85x
693,data/3bx86.png,3bx86
694,data/gpnxn.png,gpnxn
695,data/8y6b3.png,8y6b3
696,data/n7g4f.png,n7g4f
697,data/ny3nn.png,ny3nn
698,data/42xpy.png,42xpy
699,data/nd5wg.png,nd5wg
700,data/pmd3w.png,pmd3w
701,data/nb45d.png,nb45d
702,data/xnn4d.png,xnn4d
703,data/p8ngx.png,p8ngx
704,data/e84n2.png,e84n2
705,data/xce8d.png,xce8d
706,data/fnbfw.png,fnbfw
707,data/5gcd3.png,5gcd3
708,data/8fexn.png,8fexn
709,data/677g3.png,677g3
710,data/474ff.png,474ff
711,data/mcg43.png,mcg43
712,data/4ynf3.png,4ynf3
713,data/wd2gb.png,wd2gb
714,data/x44n4.png,x44n4
715,data/yf28d.png,yf28d
716,data/325fb.png,325fb
717,data/8n62n.png,8n62n
718,data/nwncn.png,nwncn
719,data/b2nen.png,b2nen
720,data/pwmbn.png,pwmbn
721,data/ypp8f.png,ypp8f
722,data/fxpw3.png,fxpw3
723,data/xp24p.png,xp24p
724,data/85pew.jpg,85pew
725,data/6b4w6.png,6b4w6
726,data/fc2ff.png,fc2ff
727,data/efe62.png,efe62
728,data/pmg55.png,pmg55
729,data/wdww8.png,wdww8
730,data/m23bp.png,m23bp
731,data/x3deb.png,x3deb
732,data/mwxwp.png,mwxwp
733,data/mn5c4.png,mn5c4
734,data/neecd.png,neecd
735,data/wm746.png,wm746
736,data/mcyfx.png,mcyfx
737,data/pm47f.png,pm47f
738,data/5mgn4.png,5mgn4
739,data/gp7c5.png,gp7c5
740,data/f74x3.png,f74x3
741,data/dyxnc.png,dyxnc
742,data/b4ncn.png,b4ncn
743,data/7e2y7.png,7e2y7
744,data/7wn74.png,7wn74
745,data/d8xcn.png,d8xcn
746,data/4f8yp.png,4f8yp
747,data/4w6mw.png,4w6mw
748,data/5xwcg.png,5xwcg
749,data/ybfx6.png,ybfx6
750,data/3xng6.png,3xng6
751,data/c6f8g.png,c6f8g
752,data/c753e.png,c753e
753,data/fg8n4.png,fg8n4
754,data/ef4np.png,ef4np
755,data/ffnxn.png,ffnxn
756,data/8nn73.png,8nn73
757,data/28348.png,28348
758,data/m74dm.png,m74dm
759,data/emwpn.png,emwpn
760,data/4dw3w.png,4dw3w
761,data/cb8cf.png,cb8cf
762,data/gegw4.png,gegw4
763,data/w2yp7.png,w2yp7
764,data/87nym.png,87nym
765,data/ymp7g.png,ymp7g
766,data/253dc.png,253dc
767,data/dcnp8.png,dcnp8
768,data/pg2pm.png,pg2pm
769,data/gng6e.png,gng6e
770,data/y5n6d.png,y5n6d
771,data/mnef5.png,mnef5
772,data/6mn8n.png,6mn8n
773,data/yeyn4.png,yeyn4
774,data/ypw3d.png,ypw3d
775,data/n4cpy.png,n4cpy
776,data/dmx8p.png,dmx8p
777,data/573bn.png,573bn
778,data/b2g8e.png,b2g8e
779,data/6ng6w.png,6ng6w
780,data/58pnp.png,58pnp
781,data/8cm46.png,8cm46
782,data/xfg65.png,xfg65
783,data/4n3mn.png,4n3mn
784,data/c482b.png,c482b
785,data/ffd6p.png,ffd6p
786,data/728n8.png,728n8
787,data/ppx77.png,ppx77
788,data/2yggg.png,2yggg
789,data/2nf26.png,2nf26
790,data/gn2xy.png,gn2xy
791,data/xfgxb.png,xfgxb
792,data/f2fge.png,f2fge
793,data/25257.png,25257
794,data/y2xg4.png,y2xg4
795,data/ddnpf.png,ddnpf
796,data/pcm7f.png,pcm7f
797,data/xnnc3.png,xnnc3
798,data/bny23.png,bny23
799,data/5expp.png,5expp
800,data/6n443.png,6n443
801,data/n4b4m.png,n4b4m
802,data/yx2d4.png,yx2d4
803,data/dxwcw.png,dxwcw
804,data/785n4.png,785n4
805,data/xw465.png,xw465
806,data/m4fd8.png,m4fd8
807,data/e7nx4.png,e7nx4
808,data/678w3.png,678w3
809,data/gd8fb.png,gd8fb
810,data/76nxn.png,76nxn
811,data/fbp2c.png,fbp2c
812,data/65nmw.jpg,65nmw
813,data/md344.png,md344
814,data/dmw8n.png,dmw8n
815,data/x458w.png,x458w
816,data/377xx.png,377xx
817,data/dy3cx.png,dy3cx
818,data/bgb48.png,bgb48
819,data/4gb3f.png,4gb3f
820,data/7bb7b.png,7bb7b
821,data/px8n8.png,px8n8
822,data/5n732.png,5n732
823,data/nm248.png,nm248
824,data/yemy4.png,yemy4
825,data/dnne7.png,dnne7
826,data/dn2ym.png,dn2ym
827,data/662bw.png,662bw
828,data/dw8d3.png,dw8d3
829,data/xemyg.png,xemyg
830,data/c353e.png,c353e
831,data/nfcwy.png,nfcwy
832,data/3bnyf.png,3bnyf
833,data/en32e.png,en32e
834,data/y33nm.png,y33nm
835,data/wwmn6.png,wwmn6
836,data/m3b5p.png,m3b5p
837,data/c4mcm.png,c4mcm
838,data/wecfd.png,wecfd
839,data/n4xx5.png,n4xx5
840,data/pcpg6.png,pcpg6
841,data/xnd3y.png,xnd3y
842,data/3wnd3.png,3wnd3
843,data/n3x4c.png,n3x4c
844,data/5bnd7.png,5bnd7
845,data/8n65n.png,8n65n
846,data/8wy7d.png,8wy7d
847,data/yw7ny.png,yw7ny
848,data/865wm.png,865wm
849,data/mpxfb.png,mpxfb
850,data/yd38e.png,yd38e
851,data/5nxnn.png,5nxnn
852,data/g888x.png,g888x
853,data/y5g87.png,y5g87
854,data/dbpcd.png,dbpcd
855,data/e46pd.png,e46pd
856,data/63pxe.png,63pxe
857,data/8d8ep.png,8d8ep
858,data/2npg6.png,2npg6
859,data/x2cnn.png,x2cnn
860,data/enpw2.png,enpw2
861,data/8ne4g.png,8ne4g
862,data/bp6mw.png,bp6mw
863,data/5p3mm.png,5p3mm
864,data/w2n7e.png,w2n7e
865,data/646x8.png,646x8
866,data/7gce6.png,7gce6
867,data/b5fm7.png,b5fm7
868,data/mdxpn.png,mdxpn
869,data/445cc.png,445cc
870,data/f364x.png,f364x
871,data/geyn5.jpg,geyn5
872,data/mc35n.png,mc35n
873,data/xf4p4.png,xf4p4
874,data/57b27.png,57b27
875,data/bn5mw.png,bn5mw
876,data/3cpwb.png,3cpwb
877,data/nwfde.png,nwfde
878,data/gm6nn.png,gm6nn
879,data/yy824.png,yy824
880,data/pp546.png,pp546
881,data/yf347.png,yf347
882,data/dw3nn.png,dw3nn
883,data/w48cw.png,w48cw
884,data/p8wwf.png,p8wwf
885,data/2wx73.png,2wx73
886,data/2nbc5.jpg,2nbc5
887,data/8nbew.png,8nbew
888,data/62nb3.png,62nb3
889,data/d7en3.png,d7en3
890,data/d4n82.png,d4n82
891,data/nxn4f.png,nxn4f
892,data/x6pdb.png,x6pdb
893,data/8n4n8.png,8n4n8
894,data/664nf.png,664nf
895,data/4w76g.png,4w76g
896,data/y2ye8.png,y2ye8
897,data/myf82.png,myf82
898,data/cdmn8.png,cdmn8
899,data/68x48.png,68x48
900,data/e43ym.png,e43ym
901,data/44fyb.png,44fyb
902,data/ywn6f.png,ywn6f
903,data/c55c6.png,c55c6
904,data/25w53.png,25w53
905,data/xfn6n.png,xfn6n
906,data/xbem6.png,xbem6
907,data/n464c.png,n464c
908,data/gn2d3.png,gn2d3
909,data/mggce.png,mggce
910,data/fg7mg.png,fg7mg
911,data/f4wfn.png,f4wfn
912,data/wgnwp.png,wgnwp
913,data/nfndw.png,nfndw
914,data/7cgym.png,7cgym
915,data/d22n7.png,d22n7
916,data/8gmc4.png,8gmc4
917,data/6ge3p.png,6ge3p
918,data/g7wxw.png,g7wxw
919,data/e7x45.png,e7x45
920,data/c2pg6.png,c2pg6
921,data/cgcgb.png,cgcgb
922,data/ebcbx.png,ebcbx
923,data/bny4w.png,bny4w
924,data/2g783.png,2g783
925,data/b6f2p.png,b6f2p
926,data/nbfx5.png,nbfx5
927,data/c2fb7.png,c2fb7
928,data/8pfxx.png,8pfxx
929,data/fc6xb.png,fc6xb
930,data/n373n.png,n373n
931,data/dd5w5.png,dd5w5
932,data/nnn5p.png,nnn5p
933,data/264m5.png,264m5
934,data/bw44w.png,bw44w
935,data/6dd2y.png,6dd2y
936,data/xngxc.png,xngxc
937,data/3bfnd.png,3bfnd
938,data/w52fn.png,w52fn
939,data/5ng6e.png,5ng6e
940,data/53wb8.png,53wb8
941,data/m67b3.png,m67b3
942,data/c86md.png,c86md
943,data/2x7bm.png,2x7bm
944,data/dn26n.png,dn26n
945,data/wg625.png,wg625
946,data/nbf8m.png,nbf8m
947,data/bdg84.png,bdg84
948,data/75pfw.png,75pfw
949,data/yf424.png,yf424
950,data/gw53m.png,gw53m
951,data/x4gg5.png,x4gg5
952,data/66wp5.png,66wp5
953,data/cnwyc.png,cnwyc
954,data/7y2x4.png,7y2x4
955,data/d378n.png,d378n
956,data/2b827.png,2b827
957,data/dbfen.png,dbfen
958,data/mp7wp.png,mp7wp
959,data/pcede.png,pcede
960,data/x38fn.png,x38fn
961,data/y5w28.png,y5w28
962,data/y7x8p.png,y7x8p
963,data/dpbyd.png,dpbyd
964,data/n3ffn.png,n3ffn
965,data/wc2bd.png,wc2bd
966,data/x6b5m.png,x6b5m
967,data/88y52.png,88y52
968,data/pdyc8.png,pdyc8
969,data/wce5n.png,wce5n
970,data/573d8.png,573d8
971,data/ec6pm.png,ec6pm
972,data/6gnm3.png,6gnm3
973,data/x3fwf.png,x3fwf
974,data/77n6g.png,77n6g
975,data/m3588.png,m3588
976,data/myc3c.png,myc3c
977,data/nc4yg.png,nc4yg
978,data/25egp.png,25egp
979,data/3pe4g.png,3pe4g
980,data/p4pde.png,p4pde
981,data/n2by7.png,n2by7
982,data/xgcxy.png,xgcxy
983,data/3w2bw.png,3w2bw
984,data/ndyfe.png,ndyfe
985,data/b84xc.png,b84xc
986,data/cpc8c.png,cpc8c
987,data/5n245.png,5n245
988,data/6xxdx.png,6xxdx
989,data/cffp4.png,cffp4
990,data/ny8np.png,ny8np
991,data/y4n6m.png,y4n6m
992,data/7wyp4.png,7wyp4
993,data/3c7de.jpg,3c7de
994,data/7gmf3.png,7gmf3
995,data/pmf5w.png,pmf5w
996,data/cfc56.png,cfc56
997,data/dn5df.png,dn5df
998,data/g78gn.png,g78gn
999,data/3ny45.png,3ny45
1000,data/2ycn8.png,2ycn8
1001,data/xe8xm.png,xe8xm
1002,data/8n5pn.png,8n5pn
1003,data/4dgf7.png,4dgf7
1004,data/gnc3n.png,gnc3n
1005,data/3den6.png,3den6
1006,data/33p4e.png,33p4e
1007,data/7wnpm.png,7wnpm
1008,data/73mnx.png,73mnx
1009,data/2cg58.png,2cg58
1010,data/3nw7w.png,3nw7w
1011,data/4cn7b.png,4cn7b
1012,data/8y63f.png,8y63f
1013,data/8c23f.png,8c23f
1014,data/nbcgb.png,nbcgb
1015,data/nf8b8.png,nf8b8
1016,data/3bd8f.png,3bd8f
1017,data/7xd5m.png,7xd5m
1018,data/pm363.png,pm363
1019,data/d6fcn.png,d6fcn
1020,data/3p4nn.png,3p4nn
1021,data/64m82.png,64m82
1022,data/x4f7g.png,x4f7g
1023,data/3ebnn.png,3ebnn
1024,data/gc277.png,gc277
1025,data/dbex3.png,dbex3
1026,data/6e6pn.png,6e6pn
1027,data/44xe8.png,44xe8
1028,data/gny6b.png,gny6b
1029,data/en4n4.png,en4n4
1030,data/bgd4m.png,bgd4m
1031,data/mgw3n.png,mgw3n
1032,data/ecd4w.png,ecd4w
1033,data/8w754.png,8w754
1034,data/f75cx.png,f75cx
1035,data/cen55.png,cen55
1036,data/w8f36.png,w8f36
1037,data/cdcb3.png,cdcb3
1038,data/nbp3e.png,nbp3e
1039,data/b5nmm.png,b5nmm
1040,data/387g2.png,387g2
1041,data/bnc2f.png,bnc2f
1042,data/y7mnm.png,y7mnm
1043,data/neggn.png,neggn
1044,data/p2m6n.png,p2m6n
1045,data/74eyg.png,74eyg
1046,data/d22bd.png,d22bd
1047,data/bbymy.png,bbymy
1048,data/58b5m.png,58b5m
1049,data/nnfx3.png,nnfx3
1050,data/y5dpp.png,y5dpp
1051,data/ng2gw.png,ng2gw
1052,data/yd755.png,yd755
1053,data/47e4p.png,47e4p
1054,data/bw6n6.png,bw6n6
1055,data/8gecm.png,8gecm
1056,data/28x47.png,28x47
1057,data/pf5ng.png,pf5ng
1058,data/be3bp.png,be3bp
1059,data/34pcn.png,34pcn
1060,data/52447.png,52447
1061,data/nnn57.png,nnn57
1062,data/f6ne5.png,f6ne5
1063,data/mm3nn.png,mm3nn
1064,data/xbcbx.png,xbcbx
1065,data/ggd7m.png,ggd7m
1066,data/de45x.png,de45x
1067,data/b28g8.png,b28g8
1068,data/6p7gx.png,6p7gx
1069,data/gfp54.png,gfp54
